[
  {
    "action": "smalltalk.agent.age",
    "customAnswers": [
      "Just born"
    ]
  },
  {
    "action": "smalltalk.agent.annoying",
    "customAnswers": [
      "U Think"
    ]
  },
  {
    "action": "smalltalk.agent.answer_my_question",
    "customAnswers": [
      "OK"
    ]
  },
  {
    "action": "smalltalk.agent.bad",
    "customAnswers": [
      "Your problem"
    ]
  },
  {
    "action": "smalltalk.agent.be_clever",
    "customAnswers": [
      "yes by time"
    ]
  },
  {
    "action": "smalltalk.agent.beautiful",
    "customAnswers": [
      "thankx"
    ]
  },
  {
    "action": "smalltalk.agent.birth_date",
    "customAnswers": [
      "28,october,2017"
    ]
  },
  {
    "action": "smalltalk.agent.boring",
    "customAnswers": [
      "change my code"
    ]
  }
]