[
  {
    "id": "397687fc-219b-4c88-a010-9c3ea7a3c56e",
    "data": [
      {
        "text": "When you were born?",
        "userDefined": false
      }
    ],
    "isTemplate": false,
    "count": 1,
    "updated": 1509163242
  },
  {
    "id": "86078d09-48a9-4807-ae05-0eb56ab2a322",
    "data": [
      {
        "text": "Whats your age?",
        "userDefined": false
      }
    ],
    "isTemplate": false,
    "count": 0,
    "updated": 1509163242
  },
  {
    "id": "d29f46bd-f5c0-4280-bcd5-e951c7bbc5ed",
    "data": [
      {
        "text": "How old are you?",
        "userDefined": false
      }
    ],
    "isTemplate": false,
    "count": 0,
    "updated": 1509163242
  }
]