[
  {
    "id": "40e06281-9aff-4e2e-8c4e-1cd0c1232dc0",
    "data": [
      {
        "text": "hobby?",
        "userDefined": false
      }
    ],
    "isTemplate": false,
    "count": 1,
    "updated": 1509153093
  },
  {
    "id": "98f4173a-4760-4327-a807-21311e407bed",
    "data": [
      {
        "text": "what is your hobby?",
        "userDefined": false
      }
    ],
    "isTemplate": false,
    "count": 0,
    "updated": 1509153093
  },
  {
    "id": "78223587-3059-4370-83fc-3841bfc7b1f4",
    "data": [
      {
        "text": "talk about your hobbies please",
        "userDefined": false
      }
    ],
    "isTemplate": false,
    "count": 1,
    "updated": 1509153093
  },
  {
    "id": "132fc896-9cbd-4d52-9287-eeadda99f9e5",
    "data": [
      {
        "text": "what are your hobbies",
        "userDefined": false
      }
    ],
    "isTemplate": false,
    "count": 0,
    "updated": 1509153093
  },
  {
    "id": "cbe38498-c44e-4d8d-8812-e99582f60126",
    "data": [
      {
        "text": "tell me about your hobbies",
        "userDefined": false
      }
    ],
    "isTemplate": false,
    "count": 0,
    "updated": 1509153093
  },
  {
    "id": "fc07c61b-3692-446c-97d6-d78edb3cd0f9",
    "data": [
      {
        "text": "what do you do in your free time",
        "userDefined": false
      }
    ],
    "isTemplate": false,
    "count": 0,
    "updated": 1506476223
  }
]