[
  {
    "id": "04abb56a-067a-411c-b0c9-c6266a29036e",
    "data": [
      {
        "text": "what are some of your strengths",
        "userDefined": false
      }
    ],
    "isTemplate": false,
    "count": 0,
    "updated": 1506476309
  },
  {
    "id": "32ef1a6d-167c-4cd1-8479-3340aa3beefe",
    "data": [
      {
        "text": "do you have strong points",
        "userDefined": false
      }
    ],
    "isTemplate": false,
    "count": 0,
    "updated": 1506476309
  },
  {
    "id": "97d0bbd4-f8ab-4e46-85e5-30718ac0caf8",
    "data": [
      {
        "text": "could you tell me about your biggest strength",
        "userDefined": false
      }
    ],
    "isTemplate": false,
    "count": 0,
    "updated": 1506476309
  },
  {
    "id": "d561f6f2-1801-4c50-bfc8-a80d79589fd2",
    "data": [
      {
        "text": "tell me about your strengths",
        "userDefined": false
      }
    ],
    "isTemplate": false,
    "count": 0,
    "updated": 1506476309
  },
  {
    "id": "df33f785-1ba4-4592-9a26-25930143428a",
    "data": [
      {
        "text": "what are your strengths",
        "userDefined": false
      }
    ],
    "isTemplate": false,
    "count": 0,
    "updated": 1506476309
  },
  {
    "id": "03679ad7-fd17-4f5f-affa-51209c571388",
    "data": [
      {
        "text": "what is your biggest strength",
        "userDefined": false
      }
    ],
    "isTemplate": false,
    "count": 0,
    "updated": 1506476309
  }
]