[
  {
    "id": "202f9991-6fc9-42c3-9965-062221cebe71",
    "data": [
      {
        "text": "For What are you meant for?",
        "userDefined": false
      }
    ],
    "isTemplate": false,
    "count": 0,
    "updated": 1509162970
  },
  {
    "id": "890e1202-a9be-4588-84f0-d02c827f40b5",
    "data": [
      {
        "text": "What do you do?",
        "userDefined": false
      }
    ],
    "isTemplate": false,
    "count": 0,
    "updated": 1509162970
  },
  {
    "id": "76ec83bf-f53d-40f8-8ce5-e0cac1f0feeb",
    "data": [
      {
        "text": "Tell me about yourself?",
        "userDefined": false
      }
    ],
    "isTemplate": false,
    "count": 1,
    "updated": 0
  },
  {
    "id": "adc1766f-900a-454c-9eca-77e468db1404",
    "data": [
      {
        "text": "Your Name?",
        "userDefined": false
      }
    ],
    "isTemplate": false,
    "count": 0,
    "updated": 0
  },
  {
    "id": "b7fc3067-65cd-4024-81ce-8fb74f3f63de",
    "data": [
      {
        "text": "Whats your Name?",
        "userDefined": false
      }
    ],
    "isTemplate": false,
    "count": 0,
    "updated": 0
  },
  {
    "id": "fbfc8f4d-5d74-4ad9-825e-8212b2a48bac",
    "data": [
      {
        "text": "Who are you?",
        "userDefined": false
      }
    ],
    "isTemplate": false,
    "count": 0,
    "updated": 0
  }
]